{"data": [{"ObjectIdentifier": "S-1-5-21-3842939050-3880317879-2865463114", "Properties": {"name": "INLANEFREIGHT.LOCAL", "domain": "INLANEFREIGHT.LOCAL", "domainsid": "S-1-5-21-3842939050-3880317879-2865463114", "distinguishedname": "DC=INLANEFREIGHT,DC=LOCAL", "description": null, "functionallevel": "2016", "whencreated": 1635347597}, "Trusts": [{"TargetDomainName": "FREIGHTLOGISTICS.LOCAL", "TargetDomainSid": "S-1-5-21-2103857153-3563876796-2017925254", "IsTransitive": true, "TrustDirection": 3, "TrustType": 2, "SidFilteringEnabled": true}, {"TargetDomainName": "LOGISTICS.INLANEFREIGHT.LOCAL", "TargetDomainSid": "S-1-5-21-2806153819-209893948-922872689", "IsTransitive": true, "TrustDirection": 3, "TrustType": 0, "SidFilteringEnabled": false}], "Aces": [{"RightName": "Owns", "IsInherited": false, "PrincipalSID": "INLANEFREIGHT.LOCAL-S-1-5-32-544", "PrincipalType": "Group"}, {"RightName": "GetChanges", "IsInherited": false, "PrincipalSID": "S-1-5-21-3842939050-3880317879-2865463114-498", "PrincipalType": "Group"}, {"RightName": "GetChangesAll", "IsInherited": false, "PrincipalSID": "S-1-5-21-3842939050-3880317879-2865463114-516", "PrincipalType": "Group"}, {"RightName": "GetChanges", "IsInherited": false, "PrincipalSID": "S-1-5-21-3842939050-3880317879-2865463114-1164", "PrincipalType": "User"}, {"RightName": "GetChangesAll", "IsInherited": false, "PrincipalSID": "S-1-5-21-3842939050-3880317879-2865463114-1164", "PrincipalType": "User"}, {"RightName": "WriteDacl", "IsInherited": false, "PrincipalSID": "S-1-5-21-3842939050-3880317879-2865463114-5189", "PrincipalType": "Group"}, {"RightName": "WriteDacl", "IsInherited": false, "PrincipalSID": "S-1-5-21-3842939050-3880317879-2865463114-5189", "PrincipalType": "Group"}, {"RightName": "GetChanges", "IsInherited": false, "PrincipalSID": "INLANEFREIGHT.LOCAL-S-1-5-32-544", "PrincipalType": "Group"}, {"RightName": "GetChangesAll", "IsInherited": false, "PrincipalSID": "INLANEFREIGHT.LOCAL-S-1-5-32-544", "PrincipalType": "Group"}, {"RightName": "GetChanges", "IsInherited": false, "PrincipalSID": "INLANEFREIGHT.LOCAL-S-1-5-9", "PrincipalType": "Group"}, {"RightName": "GenericWrite", "IsInherited": false, "PrincipalSID": "S-1-5-21-3842939050-3880317879-2865463114-512", "PrincipalType": "Group"}, {"RightName": "WriteOwner", "IsInherited": false, "PrincipalSID": "S-1-5-21-3842939050-3880317879-2865463114-512", "PrincipalType": "Group"}, {"RightName": "AllExtendedRights", "IsInherited": false, "PrincipalSID": "S-1-5-21-3842939050-3880317879-2865463114-512", "PrincipalType": "Group"}, {"RightName": "WriteDacl", "IsInherited": false, "PrincipalSID": "S-1-5-21-3842939050-3880317879-2865463114-512", "PrincipalType": "Group"}, {"RightName": "GenericAll", "IsInherited": false, "PrincipalSID": "S-1-5-21-3842939050-3880317879-2865463114-519", "PrincipalType": "Group"}, {"RightName": "GenericWrite", "IsInherited": false, "PrincipalSID": "INLANEFREIGHT.LOCAL-S-1-5-32-544", "PrincipalType": "Group"}, {"RightName": "WriteOwner", "IsInherited": false, "PrincipalSID": "INLANEFREIGHT.LOCAL-S-1-5-32-544", "PrincipalType": "Group"}, {"RightName": "AllExtendedRights", "IsInherited": false, "PrincipalSID": "INLANEFREIGHT.LOCAL-S-1-5-32-544", "PrincipalType": "Group"}, {"RightName": "WriteDacl", "IsInherited": false, "PrincipalSID": "INLANEFREIGHT.LOCAL-S-1-5-32-544", "PrincipalType": "Group"}, {"RightName": "GenericWrite", "IsInherited": false, "PrincipalSID": "INLANEFREIGHT.LOCAL-S-1-5-7", "PrincipalType": "Group"}], "Links": [], "ChildObjects": [], "GPOChanges": {"AffectedComputers": [], "DcomUsers": [], "LocalAdmins": [], "PSRemoteUsers": [], "RemoteDesktopUsers": []}, "IsDeleted": false, "IsACLProtected": false}], "meta": {"type": "domains", "count": 1, "version": 4}}